Sci_name,SVSPP,Com_name
UNIDENTIFIED FISH,0,UNCLASSIFIED FISH
MYXINE GLUTINOSA,1,ATLANTIC HAGFISH
PETROMYZON MARINUS,2,SEA LAMPREY
CARCHARHINUS OBSCURUS,3,DUSKY SHARK
DASYATIS CENTROURA,4,ROUGHTAIL STINGRAY
RAJIFORMES,5,RAY AND SKATE UNCL
CETORHINUS MAXIMUS,6,BASKING SHARK
CENTROSCYLLIUM FABRICII,7,BLACK DOGFISH
ETMOPTERUS PRINCEPS,8,ROUGH SAGRE
CARCHARHINUS PLUMBEUS,9,SANDBAR SHARK
SELACHIMORPHA,11,SHARK UNCL
CARCHARIAS TAURUS,12,SAND TIGER
MUSTELUS CANIS,13,SMOOTH DOGFISH
SCYLIORHINUS RETIFER,14,CHAIN DOGFISH
SQUALUS ACANTHIAS,15,SPINY DOGFISH
SQUATINA DUMERIL,16,ATLANTIC ANGEL SHARK
PRIONACE GLAUCA,17,BLUE SHARK
DASYATIS SAY,18,BLUNTNOSE STINGRAY
MYLIOBATIS FREMINVILLEI,19,BULLNOSE RAY
RAJA ,20,OCELLATE SKATES
TORPEDO NOBILIANA,21,ATLANTIC TORPEDO
DIPTURUS LAEVIS,22,BARNDOOR SKATE
LEUCORAJA OCELLATA,23,WINTER SKATE
RAJA EGLANTERIA,24,CLEARNOSE SKATE
LEUCORAJA GARMANI,25,ROSETTE SKATE
LEUCORAJA ERINACEA,26,LITTLE SKATE
MALACORAJA SENTA,27,SMOOTH SKATE
AMBLYRAJA RADIATA,28,THORNY SKATE
DASYATIS AMERICANA,29,SOUTHERN STINGRAY
CLUPEIDAE,30,HERRING UNCL
ETRUMEUS TERES,31,ROUND HERRING
CLUPEA HARENGUS,32,ATLANTIC HERRING
ALOSA PSEUDOHARENGUS,33,ALEWIFE
ALOSA AESTIVALIS,34,BLUEBACK HERRING
ALOSA SAPIDISSIMA,35,AMERICAN SHAD
BREVOORTIA TYRANNUS,36,ATLANTIC MENHADEN
ALOSA MEDIOCRIS,37,HICKORY SHAD
MALLOTUS VILLOSUS,38,CAPELIN
ALEPOCEPHALIDAE ,39,SLICKHEADS
ANCHOA MITCHILLI,43,BAY ANCHOVY
ANCHOA HEPSETUS,44,STRIPED ANCHOVY
OSMERUS MORDAX,45,RAINBOW SMELT
ARGENTINA SILUS,46,ATLANTIC ARGENTINE
CHLOROPHTHALMIDAE,47,GREENEYE UNCL
BENTHOSEMA GLACIALE,51,GLACIER LANTERNFISH
LAMPANYCTUS ,52,MADEIRA LANTERNFISH
CERATOSCOPELUS MADERENSIS,54,HORNED LANTERNFISH
MYCTOPHUM PUNCTATUM,55,SPOTTED LANTERNFISH
MYCTOPHIDAE,56,LANTERNFISH UNCL
HYGOPHUM TAANINGI,57,NA
NOTOSCOPELUS RESPLENDENS,58,PATCHWORK LAMPFISH
GONICHTHYS COCCOI,59,NA
ANGUILLIFORMES,60,EEL UNCL
DIAPHUS ,61,HEADLIGHTFISH UNCL
CONGER OCEANICUS,63,CONGER EEL
SIMENCHELYS PARASITICA ,64,SNUBNOSE EEL
OPHICHTHUS CRUENTIFER,65,MARGINED SNAKE EEL
HYPORHAMPHUS UNIFASCIATUS,66,SILVERSTRIPE HALFBEAK
NEMICHTHYS SCOLOPACEUS,67,SLENDER SNIPE EEL
ABLENNES HIANS,68,FLAT NEEDLEFISH
MERLUCCIUS ALBIDUS,69,OFFSHORE HAKE
GADELLA IMBERBIS,70,BEARDLESS CODLING
MERLUCCIUS BILINEARIS,72,SILVER HAKE
GADUS MORHUA,73,ATLANTIC COD
MELANOGRAMMUS AEGLEFINUS,74,HADDOCK
POLLACHIUS VIRENS,75,POLLOCK
UROPHYCIS TENUIS,76,WHITE HAKE
UROPHYCIS CHUSS,77,RED HAKE
UROPHYCIS REGIA,78,SPOTTED HAKE
UROPHYCIS CHESTERI,79,LONGFIN HAKE
GADIDAE,80,HAKE UNCL
ANTIMORA ROSTRATA,81,BLUE HAKE
PHYSICULUS FULVUS,82,METALLIC CODLING
ENCHELYOPUS CIMBRIUS,83,FOURBEARD ROCKLING
BROSME BROSME,84,CUSK
GAIDROPSARUS ENSIS,85,THREEBEARD ROCKLING
MERLUCCIUS ,86,HAKES
UROPHYCIS ,87,CODLINGS
MORIDAE,88,MORA UNCL
MACROURIDAE,90,GRENADIER UNCL
NEZUMIA BAIRDII ,91,MARLIN-SPIKE
MACROURUS BERGLAX,92,ROUGHHEAD GRENADIER
CAELORINCHUS CAELORHINCUS CARMINATUS ,93,LONGNOSE GRENADIER
POECILOPSETTA BEANI,98,DEEPWATER DAB
REINHARDTIUS HIPPOGLOSSOIDES,99,GREENLAND HALIBUT
PLEURONECTIFORMES,100,FLOUNDER UNCL
HIPPOGLOSSUS HIPPOGLOSSUS,101,ATLANTIC HALIBUT
HIPPOGLOSSOIDES PLATESSOIDES,102,AMERICAN PLAICE
PARALICHTHYS DENTATUS,103,SUMMER FLOUNDER
PARALICHTHYS OBLONGUS,104,FOURSPOT FLOUNDER
LIMANDA FERRUGINEA ,105,YELLOWTAIL FLOUNDER
PSEUDOPLEURONECTES AMERICANUS ,106,WINTER FLOUNDER
GLYPTOCEPHALUS CYNOGLOSSUS,107,WITCH FLOUNDER
SCOPHTHALMUS AQUOSUS,108,WINDOWPANE
CITHARICHTHYS ARCTIFRONS,109,GULF STREAM FLOUNDER
MONOLENE SESSILICAUDA,110,DEEPWATER FLOUNDER
MACRORHAMPHOSUS SCOLOPAX,111,LONGSPINE SNIPEFISH
ZENOPSIS CONCHIFERA,112,BUCKLER DORY
MENIDIA MENIDIA,113,ATLANTIC SILVERSIDE
SYNAGROPS BELLUS,114,BLACKMOUTH BASS
GASTEROSTEUS ACULEATUS,115,THREESPINE STICKLEBACK
SYNGNATHUS FUSCUS,116,NORTHERN PIPEFISH
ETROPUS MICROSTOMUS,117,SMALLMOUTH FLOUNDER
TRINECTES MACULATUS,118,HOGCHOKER
AULOSTOMUS MACULATUS,119,TRUMPETFISH
FISTULARIA TABACARIA,120,BLUESPOTTED CORNETFISH
SCOMBER SCOMBRUS,121,ATLANTIC MACKEREL
SARDA SARDA,123,ATLANTIC BONITO
SCOMBER JAPONICUS,124,CHUB MACKEREL
ACANTHOCYBIUM SOLANDRI,125,WAHOO
TRICHIURUS LEPTURUS,126,ATLANTIC CUTLASSFISH
PROMETHICHTHYS PROMETHEUS,127,CONEJO
KATSUWONUS PELAMIS,128,SKIPJACK TUNA
CARANX CRYSOS,129,BLUE RUNNER
TARACTICHTHYS LONGIPINNIS ,130,BIGSCALE POMFRET
PEPRILUS TRIACANTHUS,131,BUTTERFISH
SELENE SETAPINNIS,132,ATLANTIC MOONFISH
SELENE VOMER,133,LOOKDOWN
PRIACANTHUS ARENATUS,134,BIGEYE
POMATOMUS SALTATRIX,135,BLUEFISH
MICROPOGONIAS UNDULATUS,136,ATLANTIC CROAKER
SYNAGROPS SPINOSUS,137,KEELCHEEK BASS
APOGONIDAE,138,CARDINALFISH UNCL
MORONE SAXATILIS,139,STRIPED BASS
MORONE AMERICANA,140,WHITE PERCH
CENTROPRISTIS STRIATA,141,BLACK SEA BASS
ORTHOPRISTIS CHRYSOPTERA,142,PIGFISH
STENOTOMUS CHRYSOPS,143,SCUP
EPIGONUS PANDIONIS,144,NA
CYNOSCION REGALIS,145,WEAKFISH
MENTICIRRHUS SAXATILIS,146,NORTHERN KINGFISH
POGONIAS CROMIS,147,BLACK DRUM
BAIRDIELLA CHRYSOURA,148,SILVER PERCH
LEIOSTOMUS XANTHURUS,149,SPOT
HOWELLA SHERBORNI ,150,SHERBORN'S CARDINALFISH
LOPHOLATILUS CHAMAELEONTICEPS,151,TILEFISH
PONTINUS LONGISPINIS,154,LONGSPINE SCORPIONFISH
SEBASTES FASCIATUS,155,ACADIAN REDFISH
HELICOLENUS DACTYLOPTERUS,156,BLACKBELLY ROSEFISH
ANTIGONIA CAPROS,158,DEEPBODY BOARFISH
ARTEDIELLUS ,159,HOOKEAR SCULPINS
COTTIDAE,160,SCULPIN UNCL
TRIGLOPS MURRAYI,161,MOUSTACHE SCULPIN
MYOXOCEPHALUS SCORPIUS,162,SHORTHORN SCULPIN
MYOXOCEPHALUS OCTODECEMSPINOSUS,163,LONGHORN SCULPIN
HEMITRIPTERUS AMERICANUS,164,SEA RAVEN
ASPIDOPHOROIDES MONOPTERYGIUS,165,ALLIGATORFISH
MYOXOCEPHALUS AENAEUS,166,GRUBBY
LIPARIS INQUILINUS,167,INQUILINE SNAILFISH
CYCLOPTERUS LUMPUS,168,LUMPFISH
EUMICROTREMUS SPINOSUS,169,ATLANTIC SPINY LUMPSUCKER
LIPARIS ATLANTICUS,170,ATLANTIC SEASNAIL
PRIONOTUS CAROLINUS,171,NORTHERN SEAROBIN
PRIONOTUS EVOLANS,172,STRIPED SEAROBIN
PERISTEDION MINIATUM,173,ARMORED SEAROBIN
TRIGLIDAE,174,SEAROBIN UNCL
DACTYLOPTERUS VOLITANS,175,FLYING GURNARD
TAUTOGOLABRUS ADSPERSUS,176,CUNNER
TAUTOGA ONITIS,177,TAUTOG
ASTROSCOPUS GUTTATUS,179,NORTHERN STARGAZER
PHOLIS GUNNELLUS,180,ROCK GUNNEL
AMMODYTES DUBIUS,181,NORTHERN SAND LANCE
LUMPENUS LUMPRETAEFORMIS,182,SNAKEBLENNY
LUMPENUS MACULATUS,183,DAUBED SHANNY
ULVARIA SUBBIFURCATA,184,RADIATED SHANNY
OPSANUS TAU,185,OYSTER TOADFISH
OTOPHIDIUM OMOSTIGMUM,186,POLKA-DOT CUSK-EEL
MULLUS AURATUS,187,RED GOATFISH
OPHIDION MARGINATUM,188,STRIPED CUSK-EEL
LYCODES RETICULATUS,189,ARCTIC EELPOUT
LYCENCHELYS VERRILLI,190,WOLF EELPOUT
CRYPTACANTHODES MACULATUS,191,WRYMOUTH
ANARHICHAS LUPUS,192,ATLANTIC WOLFFISH
MACROZOARCES AMERICANUS,193,OCEAN POUT
LEPOPHIDIUM PROFUNDORUM,194,FAWN CUSK-EEL
LAGOCEPHALUS LAEVIGATUS,195,SMOOTH PUFFER
SPHOEROIDES MACULATUS,196,NORTHERN PUFFER
LOPHIUS AMERICANUS,197,GOOSEFISH
CHILOMYCTERUS SCHOEPFI,198,STRIPED BURRFISH
DIBRANCHUS ATLANTICUS,199,ATLANTIC BATFISH
RHINOBATOS LENTIGINOSUS,200,ATLANTIC GUITARFISH
MONACANTHUS HISPIDUS,201,PLANEHEAD FILEFISH
BALISTES CAPRISCUS,202,GRAY TRIGGERFISH
SERIOLA DUMERILI,203,GREATER AMBERJACK
SERIOLA ZONATA,204,BANDED RUDDERFISH
SCOMBERESOX SAURUS,205,ATLANTIC SAURY
OGCOCEPHALUS CORNIGER,206,LONGNOSE BATFISH
HYPEROGLYPHE PERCIFORMIS,207,BARRELFISH
DECAPTERUS MACARELLUS,208,MACKEREL SCAD
SELAR CRUMENOPHTHALMUS,209,BIGEYE SCAD
DIAPHUS DUMERILI,210,HEADLIGHTFISH
DECAPTERUS PUNCTATUS,211,ROUND SCAD
TRACHURUS LATHAMI,212,ROUGH SCAD
ARIOMMA BONDI,213,SILVER RAG
TYLOSURUS CROCODILUS,215,HOUNDFISH
SYMPHURUS ,221,STRAIGHTMOUTH TONGUEFISHES
NESIARCHUS NASUTUS,227,BLACK GEMFISH
STOMIAS BOA,228,BOA DRAGONFISH
MAUROLICUS WEITZMANI ,229,WEITZMANS PEARLSIDES
CHLOROPHTHALMUS ,231,NA
CHLOROPHTHALMUS AGASSIZI,232,SHORTNOSE GREENEYE
GONOSTOMA BATHYPHILUM,233,NA
GONOSTOMA ATLANTICUM,234,NA
GONOSTOMA ELONGATUM,235,LONGTOOTH ANGLEMOUTH
VINCIGUERRIA ,236,NA
POLYMETME THAEOCORYLA ,237,NA
BENTHODESMUS SIMONYI,239,SIMONYS FROSTFISH
CHAULIODUS SLOANI,240,VIPERFISH
CHAULIODUS DANAE,241,NA
PARASUDIS TRUCULENTA,242,LONGNOSE GREENEYE
XENODERMICHTHYS COPEI,243,BLUNTNOSE SMOOTHHEAD
VINCIGUERRIA ATTENUATA,244,SLENDER LIGHTFISH
PARALEPIS COREGONOIDES,245,NA
ARCTOZENUS RISSO ,246,WHITE BARRACUDINA
STOMIIDAE,248,SCALY DRAGONFISH UNCL
CYCLOPTERIDAE,249,LUMPFISH SNAILFISH UNCL
ARGYROPELECUS ACULEATUS,250,SILVER HATCHETFISH
POLYIPNUS CLARUS ,251,SLOPE HATCHETFISH
STERNOPTYCHIDAE,252,HATCHETFISH UNCL
CAREPROCTUS RANULA ,260,NA
HOPLOSTETHUS MEDITERRANEUS,261,BLACKMOUTHED ALFONSIN
MELANOSTIGMA ATLANTICUM,262,ATLANTIC SOFT POUT
POLYMIXIA LOWEI,263,BEARDFISH
POLYMIXIA NOBILIS,264,STOUT BEARDFISH
MOLA MOLA,265,OCEAN SUNFISH
HOPLOSTETHUS OCCIDENTALIS,266,NA
ZOARCIDAE,267,EELPOUT UNCL
GEPHYROBERYX DARWINI,268,BIG ROUGHY
RHINOPTERA BONASUS,270,COWNOSE RAY
AETOBATUS NARINARI  ,271,SPOTTED EAGLE RAY
MANTA BIROSTRIS,272,MANTA
PRIONOTUS PARALATUS,274,MEXICAN SEAROBIN
MALACOCEPHALUS OCCIDENTALIS,280,WESTERN SOFTHEAD GRENADIER
YARELLA BLACKFORDI,281,NA
SPIRONTOCARIS PHIPPSII,285,PUNCTATE BLADE SHRIMP
SPIRONTOCARIS SPINUS,286,PARROT SHRIMP
CRANGON SEPTEMSPINOSA,287,SEVENSPINE BAY SHRIMP
EUALUS FABRICII,291,ARCTIC EUALID
PASIPHAEA MULTIDENTATA,292,PINK GLASS SHRIMP
LEBBEUS GROENLANDICUS,293,SPINY LEBBEID
LEBBEUS POLARIS,294,POLAR LEBBEID
SPIRONTOCARIS LILJEBORGII,295,FRIENDLY BLADE SHRIMP
DICHELOPANDALUS LEPTOCERUS,296,BRISTLED LONGBEAK
PANDALUS MONTAGUI,297,AESOP SHRIMP
PANDALUS PROPINQUUS,298,NA
PONTOPHILUS NORVEGICUS,299,NORWEGIAN SHRIMP
HOMARUS AMERICANUS,301,AMERICAN LOBSTER
SCYLLARIDES NODIFER,302,RIDGED SLIPPER LOBSTER
SCYLLARIDES AEQUINOCTIALIS,303,SPANISH SLIPPER LOBSTER
PANULIRUS ARGUS,304,CARIBBEAN SPINY LOBSTER
CRUSTACEA SHRIMP,305,SHRIMP UNCL
PANDALUS BOREALIS,306,NORTHERN SHRIMP
PENAEUS ,307,SHRIMP (PINK -BROWN - WHITE)
GERYON FENNERI,308,GOLDEN DEEPSEA CRAB
GERYON AFFINIS,309,WHITE CRAB
GERYON QUINQUEDENS,310,RED DEEPSEA CRAB
CANCRIDAE,311,CANCER CRAB UNCL
CANCER BOREALIS,312,JONAH CRAB
CANCER IRRORATUS,313,ATLANTIC ROCK CRAB
CALLINECTES SAPIDUS,314,BLUE CRAB
OVALIPES ,315,CALICO CRAB UNCL
SICYONIA BREVIROSTRIS,316,BROWN ROCK SHRIMP
MAJIDAE,317,SPIDER CRAB UNCL
LIMULUS POLYPHEMUS,318,HORSESHOE CRAB
GALATHEIDAE,319,GALATHEID UNCL
PORTUNIDAE,320,SWIMMING CRAB UNCL
OVALIPES STEPHENSONI,321,COARSEHAND LADY CRAB
OVALIPES OCELLATUS,322,LADY CRAB
STOMATOPODA,323,MANTIS SHRIMP UNCL
LITHODES MAJA,324,NORTHERN STONE CRAB
CHIONOECETES OPILIO,325,SNOW CRAB
CARCINUS MAENAS,326,GREEN CRAB
HEPATUS EPHELITICUS,327,CALICO BOX CRAB
CALAPPA FLAMMEA,328,FLAME BOX CRAB
CALAPPA SULCATA,329,YELLOW BOX CRAB
CLYPEASTEROIDA,330,SAND DOLLAR UNCL
ECHINOIDEA,331,SEA URCHIN AND SAND DOLLAR UNCL
STELLEROIDEA,332,SEA STAR - BRITTLE STAR - AND BASKETS
ASTERIAS VULGARIS,333,BOREAL ASTERIAS
ASTROPECTEN ,334,NA
PAGUROIDEA,335,HERMIT CRAB UNCL
BUSYCOTYPUS CANALICULATUS,336,CHANNELED WHELK
BUSYCON CARICA,337,KNOBBED WHELK
NATICIDAE,338,MOON SNAIL SHARK EYE AND BABY-EAR
CALAPPIDAE,339,BOX CRAB UNCL
CHLAMYS ISLANDICA,340,ICELAND SCALLOP
CHLAMYS ISLANDICA CLAPPER,341,ICELAND SCALLOP CLAPPER
MODIOLUS MODIOLUS,342,NORTHERN HORSEMUSSEL
MYTILUS EDULIS,343,BLUE MUSSEL
BUCCINUM UNDATUM,344,WAVED WHELK
NEPTUNEA DECEMCOSTATA,345,TEN-RIDGED WHELK
COLUS STIMPSONI,346,STIMPSON'S WHELK
NASSARIUS ,347,NA
EUSPIRA HEROS,348,NORTHERN MOONSNAIL
NEVERITA DUPLICATA,349,SHARK EYE
GINGLYMOSTOMA CIRRATUM,350,NURSE SHARK
CARCHARODON CARCHARIAS,351,WHITE SHARK
ISURUS OXYRINCHUS,352,SHORTFIN MAKO
LAMNA NASUS,353,PORBEAGLE SHARK
CARCHARHINUS ACRONOTUS,354,BLACKNOSE SHARK
CARCHARHINUS FALCIFORMIS,355,SILKY SHARK
CARCHARHINUS LEUCAS,356,BULL SHARK
CARCHARHINUS LIMBATUS,357,BLACKTIP SHARK
GALEOCERDO CUVIER,358,TIGER SHARK
NEGAPRION BREVIROSTRIS,359,LEMON SHARK
RHIZOPRIONODON TERRAENOVAE,360,ATLANTIC SHARPNOSE SHARK
CARCHARHINIDAE,361,REQUIEM SHARK UNCL
SPHYRNA LEWINI,362,SCALLOPED HAMMERHEAD SHARK
SPHYRNA MOKARRAN,363,GREAT HAMMERHEAD SHARK
SPHYRNA TIBURO,364,BONNETHEAD SHARK
SPHYRNA TUDES,365,SMALLEYE HAMMERHEAD SHARK
SPHYRNA ZYGAENA,366,SMOOTH HAMMERHEAD SHARK
NARCINE BRASILIENSIS,367,LESSER ELECTRIC RAY
RAJA ACKLEYI,368,OCELLATE SKATE
DIPTURUS OLSENI,370,SPREADFIN SKATE
BATHYRAJA SPINICAUDA,371,SPINYTAIL SKATE
RAJA TEXANA,372,ROUNDEL SKATE
DASYATIS SABINA,373,ATLANTIC STINGRAY
DASYATIS VIOLACEA,374,PELAGIC STINGRAY
GYMNURA ALTAVELA,375,SPINY BUTTERFLY RAY
GYMNURA MICRURA,376,SMOOTH BUTTERFLY RAY
UROLOPHUS JAMAICENSIS,377,YELLOW STINGRAY
MYLIOBATIS GOODEI,378,SOUTHERN EAGLE RAY
ACIPENSER BREVIROSTRUM,379,SHORTNOSE STURGEON
ACIPENSER OXYRHYNCHUS,380,ATLANTIC STURGEON
ELOPS SAURUS,381,LADYFISH
MEGALOPS ATLANTICUS,382,TARPON
ALBULA VULPES,383,BONEFISH
ANGUILLA ROSTRATA,384,AMERICAN EEL
ANARCHIAS SIMILIS,385,PYGMY MORAY
GYMNOTHORAX MORINGA,386,SPOTTED MORAY
GYMNOTHORAX NIGROMARGINATUS,387,BLACKEDGE MORAY
MURAENIDAE,388,MORAY UNCL
ARIOSOMA BALEARICUM,389,BANDTOOTH CONGER
CONGRIDAE,390,CONGER EEL UNCL
CALLECHELYS GUINIENSIS,391,SHORTTAIL SNAKE EEL
LETHARCHUS VELIFER,392,SAILFIN EEL
MYROPHIS PUNCTATUS,393,SPECKLED WORM EEL
ECHIOPHIS INTERTINCTUS,394,SPOTTED SPOON-NOSE EEL
OPHICHTHUS GOMESI,395,SHRIMP EEL
OPHICHTHUS PUNCTICEPS,396,PALESPOTTED EEL
APTERICHTUS ANSP,397,ACADEMY EEL
APTERICHTUS KENDALLI,398,FINLESS EEL
ECHIOPHIS ,399,SPOON-NOSE EEL UNCL
PLACOPECTEN MAGELLANICUS CLAPPER,400,SEA SCALLOP CLAPPER
PLACOPECTEN MAGELLANICUS,401,SEA SCALLOP
ARGOPECTEN IRRADIANS,402,BAY SCALLOP
SPISULA SOLIDISSIMA,403,ATLANTIC SURFCLAM
ARGOPECTEN GIBBUS,404,ATLANTIC CALICO SCALLOP
THRACIA ,405,DUCK-BILL SHELL UNCL
SPISULA SOLIDISSIMA CLAPPER,406,ATLANTIC SURFCLAM CLAPPER
MACTROMERIS POLYNYMA,407,ARCTIC SURFCLAM
MACTROMERIS POLYNYMA CLAPPER,408,ARCTIC SURFCLAM CLAPPER
ARCTICA ISLANDICA,409,OCEAN QUAHOG
ARCTICA ISLANDICA CLAPPER,410,OCEAN QUAHOG CLAPPER
MERCENARIA CAMPECHIENSIS,411,SOUTHERN QUAHOG
MERCENARIA CAMPECHIENSIS CLAPPER,412,SOUTHERN QUAHOG CLAPPER
MERCENARIA MERCENARIA,413,NORTHERN QUAHOG
MERCENARIA MERCENARIA CLAPPER,414,NORTHERN QUAHOG CLAPPER
PITAR MORRHUANUS,415,FALSE QUAHOG
SOLENIDAE,416,RAZOR AND JACKKNIFE CLAM UNCL
CYRTODARIA SILIQUA,417,NORTHERN PROPELLER CLAM
SERRIPES GROENLANDICUS,418,GREENLAND COCKLE
CYCLOCARDIA BOREALIS,419,NORTHERN CYCLOCARDIA
ASTARTE CASTANEA,420,SMOOTH ASTARTE
SYNGNATHIDAE,421,PIPEFISH SEAHORSE UNCL
CAPROIDAE,422,BOARFISH UNCL
ATHERINIDAE,423,SILVERSIDE UNCL
OPHICHTHIDAE,425,SNAKE EEL UNCL
DOROSOMA CEPEDIANUM,426,GIZZARD SHAD
JENKINSIA LAMPROTAENIA,427,DWARF HERRING
OPISTHONEMA OGLINUM,428,ATLANTIC THREAD HERRING
SARDINELLA AURITA,429,SPANISH SARDINE
ANCHOVIELLA PERFASCIATA,430,FLAT ANCHOVY
ONCORHYNCHUS MYKISS,431,RAINBOW TROUT
SALMO TRUTTA,432,BROWN TROUT
SAURIDA BRASILIENSIS,433,LARGESCALE LIZARDFISH
SAURIDA NORMANI,434,SHORTJAW LIZARDFISH
SYNODUS FOETENS,435,INSHORE LIZARDFISH
SYNODUS INTERMEDIUS,436,SAND DIVER
SYNODUS POEYI,437,OFFSHORE LIZARDFISH
SYNODUS SYNODUS,438,RED LIZARDFISH
TRACHINOCEPHALUS MYOPS,439,SNAKEFISH
ALEPISAURUS FEROX,440,LONGNOSE LANCETFISH
ARIUS FELIS,441,HARDHEAD CATFISH
BAGRE MARINUS,442,GAFFTOPSAIL CATFISH
OPSANUS PARDUS,443,LEOPARD TOADFISH
PORICHTHYS PLECTRODON,444,ATLANTIC MIDSHIPMAN
ANTENNARIUS OCELLATUS,445,OCELLATED FROGFISH
ANTENNARIUS RADIOSUS,446,SINGLESPOT FROGFISH
ANTENNARIUS STRIATUS,447,STRIATED FROGFISH
HISTRIO HISTRIO,448,SARGASSUMFISH
HALIEUTICHTHYS ACULEATUS,449,PANCAKE BATFISH
OGCOCEPHALUS NASUTUS,450,SHORTNOSE BATFISH
OGCOCEPHALUS PARVUS,451,ROUGHBACK BATFISH
OGCOCEPHALIDAE,452,BATFISH UNCL
MICROGADUS TOMCOD,453,ATLANTIC TOMCOD
UROPHYCIS EARLLII ,454,CAROLINA HAKE
UROPHYCIS FLORIDANA,455,SOUTHERN HAKE
BROTULA BARBATA,456,BEARDED BROTULA
LEPOPHIDIUM JEANNAE,457,MOTTLED CUSK-EEL
OPHIDION GRAYI,458,BLOTCHED CUSK-EEL
OPHIDION HOLBROOKI,459,BANK CUSK-EEL
OPHIDION WELSHI,460,CRESTED CUSK-EEL
OPHIDIIDAE,461,CUSK-EEL UNCL
CARAPUS BERMUDENSIS,462,PEARLFISH
CYPSELURUS CYANOPTERUS,463,MARGINED FLYINGFISH
CYPSELURUS FURCATUS,464,SPOTFIN FLYINGFISH
CYPSELURUS MELANURUS,465,ATLANTIC FLYINGFISH
EULEPTORHAMPHUS VELOX,466,FLYING HALFBEAK
EXOCOETUS OBTUSIROSTRIS,467,OCEANIC TWO-WING FLYINGFISH
HEMIRAMPHUS BRASILIENSIS,468,BALLYHOO
HIRUNDICHTHYS AFFINIS,469,FOURWING FLYINGFISH
PROGNICHTHYS GIBBIFRONS,470,BLUNTNOSE FLYINGFISH
STRONGYLURA MARINA,471,ATLANTIC NEEDLEFISH
CYPRINODON VARIEGATUS,472,SHEEPSHEAD MINNOW
FUNDULUS HETEROCLITUS,473,MUMMICHOG
FUNDULUS MAJALIS,474,STRIPED KILLIFISH
MEMBRAS MARTINICA,475,ROUGH SILVERSIDE
MENIDIA BERYLLINA,476,TIDEWATER SILVERSIDE
CORNIGER SPINOSUS,477,SPINYCHEEK SOLDIERFISH
HOLOCENTRUS ADSCENSIONIS,478,SQUIRRELFISH
SARGOCENTRON BULLISI ,479,DEEPWATER SQUIRRELFISH
HOLOCENTRUS RUFUS,480,LONGSPINE SQUIRRELFISH
SARGOCENTRON VEXILLARIUM ,481,DUSKY SQUIRRELFISH
MYRIPRISTIS JACOBUS,482,BLACKBAR SOLDIERFISH
OSTICHTHYS TRACHYPOMA,483,BIGEYE SOLDIERFISH
PLECTRYPOPS RETROSPINIS,484,CARDINAL SOLDIERFISH
HOLOCENTRIDAE,485,SQUIRRELFISH UNCL
ANTIGONIA COMBATIA,486,SHORTSPINE BOARFISH
EUMECICHTHYS FISKI,487,UNICORNFISH
APELTES QUADRACUS,488,FOURSPINE STICKLEBACK
FISTULARIA PETIMBA,489,RED CORNETFISH
FISTULARIA ,490,CORNETFISH UNCL
COSMOCAMPUS ALBIROSTRIS,491,WHITENOSE PIPEFISH
HIPPOCAMPUS ERECTUS,492,LINED SEAHORSE
HIPPOCAMPUS REIDI,493,LONGSNOUT SEAHORSE
SYNGNATHUS FLORIDAE,494,DUSKY PIPEFISH
SYNGNATHUS LOUISIANAE,495,CHAIN PIPEFISH
SYNGNATHUS SPRINGERI,496,BULL PIPEFISH
CENTROPOMUS UNDECIMALIS,497,COMMON SNOOK
EPINEPHELUS AFER,498,MUTTON HAMLET
ANTHIAS ASPERILINGUIS,499,CRIMSON BASS
ANTHIAS NICHOLSI,500,YELLOWFIN BASS
CEPHALOPODA,501,SQUID CUTTLEFISH AND OCTOPOD UNCL
ILLEX ILLECEBROSUS,502,NORTHERN SHORTFIN SQUID
LOLIGO PEALEII,503,LONGFIN SQUID
LOLLIGUNCULA BREVIS,504,ATLANTIC BRIEF SQUID
LOLIGO PLEI,505,ARROW SQUID
SEPIOLIDAE,506,BOBTAIL UNCL
SEMIROSSIA TENERA,507,LESSER SHINING BOBTAIL
STOLOTEUTHIS LEUCOPTERA,508,SHIELD BOBTAIL
ABRALIA VERANYI,509,RUPPELL'S ABRALIA
OCTOPODA,510,OCTOPUS UNCL
OCTOPUS VULGARIS,511,COMMON OCTOPUS
BATHYPOLYPUS ARCTICUS,512,SPOONARM OCTOPUS
SCAEURGUS UNICIRRHUS,513,UNICORN OCTOPUS
ROSSIA MEGAPTERA,514,VERRILL'S BOBTAIL
ROSSIA PALPEBROSA,515,OWEN'S BOBTAIL
PORTUNUS SPINIMANUS,516,BLOTCHED SWIMMING CRAB
BATHYNECTES LONGISPINA,517,BATHYAL SWIMMING CRAB
ARENAEUS CRIBRARIUS,518,SPECKLED SWIMMING CRAB
ILLEX ILLECEBROSUS EGG MOPS,519,NORTHERN SHORTFIN SQUID EGG MOPS
LOLIGO PEALEII EGG MOPS,520,LONGFIN SQUID EGG MOPS
SCHULTZEA BETA,523,SCHOOL BASS
MYCTEROPERCA INTERSTITIALIS,524,YELLOWMOUTH GROUPER
CENTROPRISTIS OCYURUS,526,BANK SEA BASS
CENTROPRISTIS PHILADELPHICA,527,ROCK SEA BASS
EPINEPHELUS INERMIS,528,MARBLED GROUPER
DIPLECTRUM BIVITTATUM,529,DWARF SAND PERCH
DIPLECTRUM FORMOSUM,530,SAND PERCH
EPINEPHELUS ADSCENSIONIS,531,ROCK HIND
EPINEPHELUS DRUMMONDHAYI,532,SPECKLED HIND
EPINEPHELUS FLAVOLIMBATUS,533,YELLOWEDGE GROUPER
EPINEPHELUS GUTTATUS,534,RED HIND
EPINEPHELUS MORIO,535,RED GROUPER
EPINEPHELUS NIGRITUS,536,WARSAW GROUPER
EPINEPHELUS NIVEATUS,537,SNOWY GROUPER
EPINEPHELUS STRIATUS,538,NASSAU GROUPER
HEMANTHIAS VIVANUS,539,RED BARBIER
MYCTEROPERCA BONACI,540,BLACK GROUPER
MYCTEROPERCA MICROLEPIS,541,GAG
MYCTEROPERCA PHENAX,542,SCAMP
MYCTEROPERCA VENENOSA,543,YELLOWFIN GROUPER
HOLANTHIAS MARTINICENSIS,544,ROUGHTONGUE BASS
PARANTHIAS FURCIFER,545,CREOLE-FISH
HEMANTHIAS AUREORUBENS,546,STREAMER BASS
SERRANICULUS PUMILIO,547,PYGMY SEA BASS
SERRANUS ANNULARIS,548,ORANGEBACK BASS
SERRANUS ATROBRANCHUS,549,BLACKEAR BASS
SERRANUS BALDWINI,550,LANTERN BASS
SERRANUS NOTOSPILUS,551,SADDLE BASS
SERRANUS PHOEBE,552,TATTLER
SERRANUS SUBLIGARIUS,553,BELTED SANDFISH
SERRANIDAE,554,SEA BASS UNCL
RYPTICUS BISTRISPINUS,555,FRECKLED SOAPFISH
PRIACANTHUS CRUENTATUS,556,GLASSEYE SNAPPER
PRISTIGENYS ALTA,557,SHORT BIGEYE
APOGON MACULATUS,558,FLAMEFISH
APOGON PSEUDOMACULATUS,559,TWOSPOT CARDINALFISH
CAULOLATILUS CYANOPS,562,BLACKLINE TILEFISH
RACHYCENTRON CANADUM,563,COBIA
ECHENEIS NAUCRATES,564,SHARKSUCKER
REMORA BRACHYPTERA,565,SPEARFISH REMORA
REMORA OSTEOCHIR,566,MARLINSUCKER
REMORA REMORA,567,REMORA
ALECTIS CILIARIS,568,AFRICAN POMPANO
CARANX BARTHOLOMAEI,569,YELLOW JACK
CARANX HIPPOS,570,CREVALLE JACK
CARANX LATUS,571,HORSE-EYE JACK
CARANX RUBER,572,BAR JACK
CHLOROSCOMBRUS CHRYSURUS,573,ATLANTIC BUMPER
ELAGATIS BIPINNULATA,574,RAINBOW RUNNER
HEMICARANX AMBLYRHYNCHUS,575,BLUNTNOSE JACK
NAUCRATES DUCTOR,576,PILOTFISH
OLIGOPLITES SAURUS,577,LEATHERJACK
SERIOLA RIVOLIANA,578,ALMACO JACK
TRACHINOTUS CAROLINUS,579,FLORIDA POMPANO
TRACHINOTUS FALCATUS,580,PERMIT
TRACHINOTUS GOODEI,581,PALOMETA
CARANGIDAE,582,JACK POMPANO UNCL
CORYPHAENA EQUISELIS ,583,POMPANO DOLPHIN
CORYPHAENA HIPPURUS,584,DOLPHIN
BRAMA BRAMA,585,ATLANTIC POMFRET
LUTJANUS ANALIS,586,MUTTON SNAPPER
LUTJANUS APODUS,587,SCHOOLMASTER
LUTJANUS BUCCANELLA,588,BLACKFIN SNAPPER
LUTJANUS CAMPECHANUS,589,RED SNAPPER
LUTJANUS GRISEUS,590,GRAY SNAPPER
LUTJANUS JOCU,591,DOG SNAPPER
LUTJANUS SYNAGRIS,592,LANE SNAPPER
LUTJANUS VIVANUS,593,SILK SNAPPER
OCYURUS CHRYSURUS,594,YELLOWTAIL SNAPPER
PRISTIPOMOIDES AQUILONARIS,595,WENCHMAN
RHOMBOPLITES AURORUBENS,596,VERMILION SNAPPER
LUTJANIDAE,597,SNAPPER UNCL
LOBOTES SURINAMENSIS,598,TRIPLETAIL
EUCINOSTOMUS GULA,599,SILVER JENNY
SQUALIDAE,600,NA
ETMOPTERUS GRACILISPINIS,601,BROADBAND DOGFISH
ETMOPTERUS HILLIANUS,602,CARIBBEAN LANTERNSHARK
CENTROSCYMNUS COELOLEPIS,603,PORTUGUESE SHARK
ACANTHOCARPUS ALEXANDRI,604,GLADIATOR BOX CRAB
COOKEOLUS JAPONICUS,616,BULLEYE
XENOLEPIDICHTHYS DALGLEISHI,617,SPOTTED TINSELFISH
GRAMMATIDAE,618,BASSLET UNCL
POMACENTRIDAE,619,DAMSELFISH UNCL
SPHYRAENA ,620,BARRACUDAS
CAULOLATILUS MICROPS,621,BLUELINE TILEFISH
CAULOLATILUS CHRYSOPS,622,GOLDFACE TILEFISH
CAULOLATILUS INTERMEDIUS,623,ANCHOR TILEFISH
MALACANTHUS PLUMIERI,624,SAND TILEFISH
GERREIDAE,625,MOJARRA UNCL
ANISOTREMUS VIRGINICUS,626,PORKFISH
HAEMULON AUROLINEATUM,627,TOMTATE
HAEMULON CARBONARIUM,628,CAESAR GRUNT
HAEMULON PLUMIERI,629,WHITE GRUNT
HAEMULIDAE,630,GRUNT UNCL
ARCHOSARGUS PROBATOCEPHALUS,631,SHEEPSHEAD
CALAMUS BAJONADO,632,JOLTHEAD PORGY
CALAMUS CALAMUS,633,SAUCEREYE PORGY
CALAMUS LEUCOSTEUS,634,WHITEBONE PORGY
CALAMUS NODOSUS,635,KNOBBED PORGY
CALAMUS PENNA,636,SHEEPSHEAD PORGY
CALAMUS PRORIDENS,637,LITTLEHEAD PORGY
DIPLODUS ARGENTEUS,638,SILVER PORGY
DIPLODUS HOLBROOKII ,639,SPOTTAIL PINFISH
LAGODON RHOMBOIDES,640,PINFISH
PAGRUS SEDECIM,641,RED PORGY
SPARIDAE,643,PORGY AND PINFISH UNCL
CYNOSCION ARENARIUS,644,SAND SEATROUT
CYNOSCION NEBULOSUS,645,SPOTTED SEATROUT
CYNOSCION NOTHUS,646,SILVER SEATROUT
EQUETUS ACUMINATUS,647,HIGH-HAT
EQUETUS LANCEOLATUS,648,JACKKNIFE-FISH
EQUETUS PUNCTATUS,649,SPOTTED DRUM
EQUETUS UMBROSUS,650,CUBBYU
LARIMUS FASCIATUS,651,BANDED DRUM
MENTICIRRHUS AMERICANUS,652,SOUTHERN KINGFISH
MENTICIRRHUS LITTORALIS,653,GULF KINGFISH
SCIAENOPS OCELLATUS,654,RED DRUM
STELLIFER LANCEOLATUS,655,STAR DRUM
PSEUDUPENEUS MACULATUS,656,SPOTTED GOATFISH
UPENEUS PARVUS,657,DWARF GOATFISH
KYPHOSUS SECTATRIX,658,BERMUDA CHUB
CHAETODIPTERUS FABER,659,ATLANTIC SPADEFISH
CHAETODON AYA,660,BANK BUTTERFLYFISH
CHAETODON CAPISTRATUS,661,FOUREYE BUTTERFLYFISH
CHAETODON OCELLATUS,662,SPOTFIN BUTTERFLYFISH
CHAETODON SEDENTARIUS,663,REEF BUTTERFLYFISH
CHAETODON STRIATUS,664,BANDED BUTTERFLYFISH
HOLACANTHUS BERMUDENSIS,665,BLUE ANGELFISH
HOLACANTHUS CILIARIS,666,QUEEN ANGELFISH
HOLACANTHUS TRICOLOR,667,ROCK BEAUTY
POMACANTHUS ARCUATUS,668,GRAY ANGELFISH
ABUDEFDUF SAXATILIS,669,SERGEANT MAJOR
CHROMIS ENCHRYSURUS,670,YELLOWTAIL REEFFISH
CHROMIS INSOLATA,671,SUNSHINEFISH
POMACENTRUS LEUCOSTICTUS,672,BEAUGREGORY
BODIANUS PULCHELLUS,673,SPOTFIN HOGFISH
CLEPTICUS PARRAE,674,CREOLE WRASSE
DECODON PUELLARIS,675,RED HOGFISH
HALICHOERES BATHYPHILUS,676,GREENBAND WRASSE
HALICHOERES BIVITTATUS,677,SLIPPERY DICK
HALICHOERES CAUDALIS,678,PAINTED WRASSE
HALICHOERES POEYI,679,BLACKEAR WRASSE
HALICHOERES RADIATUS,680,PUDDINGWIFE
HEMIPTERONOTUS NOVACULA,681,PEARLY RAZORFISH
LACHNOLAIMUS MAXIMUS,682,HOGFISH
LABRIDAE,683,WRASSE UNCL
CRYPTOTOMUS ROSEUS,684,BLUELIP PARROTFISH
NICHOLSINA USTA,685,EMERALD PARROTFISH
SCARUS COERULEUS,686,BLUE PARROTFISH
SPARISOMA RADIANS,687,BUCKTOOTH PARROTFISH
SCARIDAE,688,PARROTFISH UNCL
MUGIL CEPHALUS,689,STRIPED MULLET
MUGIL CUREMA,690,WHITE MULLET
MUGIL LIZA,691,LIZA
MUGIL GYRANS,692,FANTAIL MULLET
SPHYRAENA BARRACUDA,693,GREAT BARRACUDA
SPHYRAENA BOREALIS,694,NORTHERN SENNET
SPHYRAENA GUACHANCHO,695,GUAGUANCHE
OPISTOGNATHUS LONCHURUS,696,MOUSTACHE JAWFISH
OPISTOGNATHUS MAXILLOSUS,697,MOTTLED JAWFISH
BEMBROPS GOBIOIDES,698,GOBY FLATHEAD
ASTROSCOPUS Y-GRAECUM,699,SOUTHERN STARGAZER
XIPHIAS GLADIUS,700,SWORDFISH
AUXIS ROCHEI,701,BULLET MACKEREL
AUXIS THAZARD,702,FRIGATE MACKEREL
THUNNUS ALALUNGA,703,ALBACORE
THUNNUS ALBACARES,704,YELLOWFIN TUNA
THUNNUS ATLANTICUS,705,BLACKFIN TUNA
THUNNUS OBESUS,706,BIGEYE TUNA
MAKAIRA NIGRICANS,707,BLUE MARLIN
TETRAPTURUS ALBIDUS,708,WHITE MARLIN
XENOCEPHALUS EGREGIUS ,725,FRECKLED STARGAZER
KATHETOSTOMA ALBIGUTTA,726,LANCER STARGAZER
CLINIDAE,727,CLINID UNCL
PARABLENNIUS MARMOREUS,728,SEAWEED BLENNY
CHASMODES BOSQUIANUS,729,STRIPED BLENNY
HYPLEUROCHILUS GEMINATUS,730,CRESTED BLENNY
HYPSOBLENNIUS HENTZ,731,FEATHER BLENNY
HYPSOBLENNIUS IONTHAS,732,FRECKLED BLENNY
BLENNIIDAE,733,COMBTOOTH BLENNY UNCL
AMMODYTES AMERICANUS,734,AMERICAN SAND LANCE
FOETOREPUS AGASSIZI,735,SPOTFIN DRAGONET
DORMITATOR MACULATUS,736,FAT SLEEPER
BATHYGOBIUS SOPORATOR,737,FRILLFIN GOBY
GOBIOSOMA BOSC,738,NAKED GOBY
GOBIIDAE,739,GOBY UNCL
ACANTHURUS BAHIANUS,740,OCEAN SURGEON
ACANTHURUS CHIRURGUS,741,DOCTORFISH
ACANTHURUS COERULEUS,742,BLUE TANG
EUTHYNNUS ALLETTERATUS,743,LITTLE TUNNY
SCOMBEROMORUS CAVALLA,744,KING MACKEREL
SCOMBEROMORUS MACULATUS,745,SPANISH MACKEREL
SCOMBEROMORUS REGALIS,746,CERO
THUNNUS THYNNUS,747,BLUEFIN TUNA
ARIOMMA REGULUS,748,SPOTTED DRIFTFISH
PEPRILUS ALEPIDOTUS,749,HARVESTFISH
STROMATEIDAE,750,BUTTERFISH UNCL
NEOMERINTHE HEMINGWAYI,751,SPINYCHEEK SCORPIONFISH
PONTINUS RATHBUNI,752,HIGHFIN SCORPIONFISH
SCORPAENA AGASSIZI,753,LONGFIN SCORPIONFISH
SCORPAENA BRASILIENSIS,754,BARBFISH
SCORPAENA CALCARATA,755,SMOOTHHEAD SCORPIONFISH
SCORPAENA DISPAR,756,HUNCHBACK SCORPIONFISH
SCORPAENA GRANDICORNIS,757,PLUMED SCORPIONFISH
SCORPAENA PLUMIERI,758,SPOTTED SCORPIONFISH
SCORPAENIDAE,759,SCORPIONFISH AND ROCKFISH UNCL
BELLATOR BRACHYCHIR,760,SHORTFIN SEAROBIN
BELLATOR EGRETTA,761,STREAMER SEAROBIN
BELLATOR MILITARIS,762,HORNED SEAROBIN
PERISTEDION GRACILE,763,SLENDER SEAROBIN
PRIONOTUS ALATUS,764,SPINY SEAROBIN
PRIONOTUS OPHRYAS,765,BANDTAIL SEAROBIN
PRIONOTUS ROSEUS,766,BLUESPOTTED SEAROBIN
PRIONOTUS LONGISPINOSUS,767,BIGEYE SEAROBIN
PRIONOTUS RUBIO,768,BLACKWING SEAROBIN
PRIONOTUS SCITULUS,769,LEOPARD SEAROBIN
PRIONOTUS TRIBULUS,770,BIGHEAD SEAROBIN
MYOXOCEPHALUS QUADRICORNIS,772,FOURHORN SCULPIN
PLEURONECTIDAE,773,RIGHTEYE FLOUNDER UNCL
ANCYLOPSETTA DILECTA,774,THREE-EYE FLOUNDER
ANCYLOPSETTA QUADROCELLATA,775,OCELLATED FLOUNDER
BOTHUS LUNATUS,776,PEACOCK FLOUNDER
BOTHUS OCELLATUS,777,EYED FLOUNDER
CHASCANOPSETTA LUGUBRIS,778,PELICAN FLOUNDER
CITHARICHTHYS ARENACEUS,779,SAND WHIFF
CITHARICHTHYS CORNUTUS,780,HORNED WHIFF
CITHARICHTHYS MACROPS,781,SPOTTED WHIFF
CITHARICHTHYS SPILOPTERUS,782,BAY WHIFF
CYCLOPSETTA FIMBRIATA,783,SPOTFIN FLOUNDER
ENGYOPHRYS SENTA,784,SPINY FLOUNDER
ETROPUS CROSSOTUS,785,FRINGED FLOUNDER
ETROPUS RIMOSUS,786,GRAY FLOUNDER
GASTROPSETTA FRONTALIS,787,SHRIMP FLOUNDER
PARALICHTHYS ALBIGUTTA,788,GULF FLOUNDER
PARALICHTHYS LETHOSTIGMA,789,SOUTHERN FLOUNDER
PARALICHTHYS SQUAMILENTUS,790,BROAD FLOUNDER
SYACIUM GUNTERI,791,SHOAL FLOUNDER
SYACIUM MICRURUM,792,CHANNEL FLOUNDER
SYACIUM PAPILLOSUM,793,DUSKY FLOUNDER
ETROPUS ,794,ETROPUS UNCL
BOTHIDAE,795,LEFTEYE FLOUNDER UNCL
GYMNACHIRUS MELAS,796,NAKED SOLE
SYMPHURUS CIVITATUS,797,OFFSHORE TONGUEFISH
SYMPHURUS DIOMEDIANUS,798,SPOTTEDFIN TONGUEFISH
SYMPHURUS MINOR,799,LARGESCALE TONGUEFISH
BALISTIDAE,820,TRIGGERFISH FILEFISH UNCL
SYMPHURUS MARGINATUS,821,SLENDER TONGUEFISH
TRICHIURIDAE,822,SNAKE MACKEREL UNCL
RUVETTUS PRETIOSUS,823,OILFISH
LEPIDOCYBIUM FLAVOBRUNNEUM,824,ESCOLAR
SYMPHURUS PLAGIUSA,825,BLACKCHEEK TONGUEFISH
SYMPHURUS PUSILLUS,826,NORTHERN TONGUEFISH
SYMPHURUS UROSPILUS,827,SPOTTAIL TONGUEFISH
PARAHOLLARDIA LINEATA,829,JAMBEAU
ALUTERUS HEUDELOTI,830,DOTTEREL FILEFISH
ALUTERUS MONOCEROS,831,UNICORN FILEFISH
ALUTERUS SCHOEPFI,832,ORANGE FILEFISH
ALUTERUS SCRIPTUS,833,SCRAWLED FILEFISH
BALISTES VETULA,834,QUEEN TRIGGERFISH
CANTHIDERMIS SUFFLAMEN,835,OCEAN TRIGGERFISH
MONACANTHUS CILIATUS,836,FRINGED FILEFISH
LACTOPHRYS BICAUDALIS,837,SPOTTED TRUNKFISH
LACTOPHRYS POLYGONIA,838,HONEYCOMB COWFISH
LACTOPHRYS QUADRICORNIS,839,SCRAWLED COWFISH
LACTOPHRYS TRIGONUS,840,TRUNKFISH
LACTOPHRYS TRIQUETER,841,SMOOTH TRUNKFISH
CANTHIGASTER ROSTRATA,842,SHARPNOSE PUFFER
SPHOEROIDES DORSALIS,843,MARBLED PUFFER
SPHOEROIDES NEPHELUS,844,SOUTHERN PUFFER
SPHOEROIDES SPENGLERI,845,BANDTAIL PUFFER
SPHOEROIDES TESTUDINEUS,846,CHECKERED PUFFER
CHILOMYCTERUS ANTILLARUM,847,WEB BURRFISH
CHILOMYCTERUS ATINGA,848,SPOTTED BURRFISH
DIODON HOLOCANTHUS,849,BALLOONFISH
DIODON HYSTRIX,850,PORCUPINEFISH
ENGRAULIDAE,851,ANCHOVY UNCL
SYNODONTIDAE,852,LIZARDFISH UNCL
PARALICHTHYS ,853,SUMMER FLOUNDERS
POMACENTRUS VARIABILIS,854,COCOA DAMSELFISH
CHAETODONTIDAE,855,BUTTERFLYFISH UNCL
ARGENTINA STRIATA,856,STRIATED ARGENTINE
URANOSCOPIDAE,857,STARGAZER UNCL
SCIAENIDAE,858,DRUM UNCL
ANCHOA LYOLEPIS,859,DUSKY ANCHOVY
SCOMBRIDAE,860,MACKEREL AND TUNA UNCL
TETRAODONTIDAE,861,PUFFER UNCL
CHAUNAX STIGMAEUS,862,REDEYE GAPER
EPINEPHELUS MYSTACINUS,863,MISTY GROUPER
PROGNATHODES ACULEATUS,864,LONGSNOUT BUTTERFLYFISH
ENGRAULIS EURYSTOLE,865,SILVER ANCHOVY
CITHARICHTHYS ,866,SANDDABS
LAEMONEMA BARBATULUM,867,NA
OPHIDION SELENOPS,869,MOONEYE CUSK-EEL
GYMNOTHORAX SAXICOLA,870,HONEYCOMB MORAY
PRIONOTUS STEARNSI,871,SHORTWING SEAROBIN
EUCINOSTOMUS ARGENTEUS,872,SPOTFIN MOJARRA
BOTHUS ROBINSI,873,TWOSPOT FLOUNDER
GEMPYLUS SERPENS,874,SNAKE MACKEREL
HARENGULA JAGUANA,875,SCALED SARDINE
CUBICEPS PAUCIRADIATUS,876,BIGEYE CIGARFISH
SERIOLA FASCIATA,877,LESSER AMBERJACK
HAEMULON STRIATUM,878,STRIPED GRUNT
ECHIOPHIS PUNCTIFER,879,SNAPPER EEL
SPHOEROIDES PACHYGASTER,880,BLUNTHEAD PUFFER
GOBIESOX STRUMOSUS,881,SKILLETFISH
CITHARICHTHYS GYMNORHINUS,882,ANGLEFIN WHIFF
OGCOCEPHALUS RADIATUS,883,POLKA-DOT BATFISH
TRACHYSCORPIA CRISTULATA,885,ATLANTIC THORNYHEAD
GONOSTOMATIDAE,887,LIGHTFISH UNCL
APOGON AUROLINEATUS,888,BRIDLE CARDINALFISH
ANCHOA CUBANA,889,CUBAN ANCHOVY
ARIOMMA MELANUM,891,BROWN DRIFTFISH
GLOSSANODON PYGMAEUS,892,PYGMY ARGENTINE
SALMO SALAR,894,ATLANTIC SALMON
RYPTICUS SUBBIFRENATUS,895,SPOTTED SOAPFISH
PARALEPIDIDAE ,896,BARRACUDINAS
LOPHIUS GASTROPHYSUS,897,BLACKFIN GOOSEFISH
URASPIS SECUNDA,898,COTTONMOUTH JACK
CYTTOPSIS ROSEA,899,RED DORY
LOPHIIFORMES,900,LOPHIIFORM UNCL
GASTEROSTEUS WHEATLANDI,901,BLACKSPOTTED STICKLEBACK
PUNGITIUS PUNGITIUS,902,NINESPINE STICKLEBACK
PLEOTICUS ROBUSTUS,910,ROYAL RED SHRIMP
PLESIOPENAEUS EDWARDSIANUS,911,SCARLET GAMBA SHRIMP
CALOCARIS TEMPLEMANI,912,NA
PENAEUS AZTECUS,913,BROWN SHRIMP
PENAEUS DUORARUM,914,PINK SHRIMP
PENAEUS SETIFERUS,915,WHITE SHRIMP
BREVIRAJA PLUTONIA,924,LONGTAIL SKATE
ALOPIAS VULPINUS,925,THRESHER SHARK
ALOPIAS SUPERCILIOSUS,926,BIGEYE THRESHER SHARK
ISURUS PAUCUS,927,LONGFIN MAKO
CARCHARHINUS ISODON,928,FINETOOTH SHARK
CARCHARHINUS ALTIMUS,929,BIGNOSE SHARK
CARCHARHINUS LONGIMANUS,930,OCEANIC WHITETIP SHARK
CARCHARHINUS BREVIPINNA,931,SPINNER SHARK
CARCHARHINUS POROSUS,932,SMALLTAIL SHARK
CARCHARHINUS PEREZII,933,REEF SHARK
CARCHARHINUS SIGNATUS,934,NIGHT SHARK
MUSTELUS NORRISI,935,FLORIDA SMOOTHHOUND
TRIAKIS SEMIFASCIATA,936,LEOPARD SHARK
SPHYRNA MEDIA,937,SCOOPHEAD SHARK
SARDA ORIENTALIS,938,STRIPED BONITO
ISTIOPHORUS PLATYPTERUS,939,SAILFISH
MAKAIRA INDICA,940,BLACK MARLIN
TETRAPTURUS ANGUSTIROSTRIS,941,SHORTBILL SPEARFISH
TETRAPTURUS AUDAX,942,STRIPED MARLIN
TETRAPTURUS PFLUEGERI,943,LONGBILL SPEARFISH
CARETTA CARETTA,950,LOGGERHEAD SEATURTLE
CHELONIA MYDAS,951,GREEN SEATURTLE
DERMOCHELYS CORIACEA,952,LEATHERBACK SEATURTLE
ERETMOCHELYS IMBRICATA,953,HAWKSBILL SEATURTLE
LEPIDOCHELYS KEMPI,954,KEMP'S RIDLEY SEATURTLE
TRASH SPECIES IN CATCH,998,TRASH
